{
    "uvs":[[0.249913,0,0.249913,0.159994,0,0.159994,0,0,0.249913,0.353957,0.249913,0.5,0,0.5,0,0.353957,0.755195,0.333274,1,0.333274,1,0.5,0.758477,0.5,0.752068,0.174402,0.748634,0,1,0,1,0.174402,-0.021016,0.127725,0.021493,0.034446,0.108948,0.034446,0.108948,0.127725,-0.007593,0.221004,0.108948,0.221004,0.020473,0.314283,0.108948,0.314283,0.067232,0.407562,0.108948,0.494463,0.229193,0.314283,0.247912,0.407562,0.239196,0.221004,0.253995,0.127725,0.209993,0.034446]],
    "metadata":{
        "uvs":1,
        "materials":1,
        "version":3,
        "faces":104,
        "normals":202,
        "type":"Geometry",
        "vertices":268,
        "generator":"io_three"
    },
    "faces":[43,0,1,2,3,0,0,1,2,3,0,1,1,0,43,4,5,6,7,0,4,5,6,7,2,3,3,2,43,1,4,7,2,0,1,4,7,2,1,2,2,1,43,8,9,10,11,0,8,9,10,11,4,5,6,6,43,12,13,14,15,0,12,13,14,15,7,8,8,9,43,8,12,15,9,0,8,12,15,9,4,7,9,5,43,16,17,18,19,0,0,1,2,3,10,11,11,10,43,20,21,22,23,0,4,5,6,7,12,13,13,12,43,17,20,23,18,0,1,4,7,2,11,12,12,11,43,24,25,26,27,0,8,9,10,11,14,15,16,16,43,28,29,30,31,0,12,13,14,15,17,18,18,19,43,24,28,31,25,0,8,12,15,9,14,17,19,15,43,32,33,34,35,0,16,17,18,19,20,21,22,23,43,239,32,35,231,0,20,16,19,21,24,20,23,25,43,38,36,230,232,0,22,20,21,23,26,27,27,28,43,40,38,232,41,0,24,22,23,25,29,26,28,29,43,39,42,43,258,0,23,26,27,25,30,31,32,32,43,37,44,42,39,0,21,28,26,23,33,33,31,30,43,35,45,263,231,0,19,29,28,21,23,34,35,25,43,34,46,45,35,0,18,30,29,19,22,36,34,23,43,47,48,49,50,0,16,17,18,19,37,38,39,40,43,216,47,50,217,0,20,16,19,21,41,37,40,42,43,53,51,52,54,0,22,20,21,23,43,44,45,46,43,55,53,54,56,0,24,22,23,25,47,43,46,47,43,54,57,58,254,0,23,26,27,25,46,48,49,49,43,52,59,57,54,0,21,28,26,23,45,50,48,46,43,50,60,261,217,0,19,29,28,21,40,51,52,42,43,49,61,60,50,0,18,30,29,19,39,53,51,40,43,62,63,64,234,0,16,17,18,19,54,54,55,56,43,66,252,233,235,0,20,16,19,21,57,58,58,59,43,68,66,235,228,0,22,20,21,23,60,57,59,61,43,70,68,228,229,0,24,22,23,25,62,60,61,62,43,69,72,73,71,0,23,26,27,25,63,64,65,65,43,67,74,72,69,0,21,28,26,23,66,67,64,63,43,65,75,74,67,0,19,29,28,21,68,68,67,66,43,64,76,267,234,0,18,30,29,19,55,69,69,56,43,77,78,79,80,0,16,17,18,19,70,71,72,73,43,81,77,80,238,0,20,16,19,21,74,70,73,75,43,83,81,238,225,0,22,20,21,23,76,74,75,77,43,85,83,225,226,0,24,22,23,25,78,76,77,78,43,84,87,88,86,0,23,26,27,25,79,80,81,81,43,82,89,87,84,0,21,28,26,23,82,83,80,79,43,218,219,89,82,0,19,29,28,21,84,84,83,82,43,79,91,90,80,0,18,30,29,19,72,85,85,73,43,253,93,94,95,0,16,17,18,19,86,86,87,88,43,96,92,250,97,0,20,16,19,21,89,90,91,92,43,98,96,97,99,0,22,20,21,23,93,89,92,94,43,100,98,99,243,0,24,22,23,25,95,93,94,95,43,99,102,103,101,0,23,26,27,25,94,96,97,97,43,97,257,102,99,0,21,28,26,23,92,98,96,94,43,250,251,104,97,0,19,29,28,21,91,99,99,92,43,94,106,105,95,0,18,30,29,19,87,100,100,88,43,107,108,109,110,0,16,17,18,19,101,102,103,104,43,111,107,110,112,0,20,16,19,21,105,101,104,106,43,113,262,248,236,0,22,20,21,23,107,108,108,109,43,115,113,236,237,0,24,22,23,25,110,107,109,110,43,114,117,118,116,0,23,26,27,25,111,112,113,113,43,247,249,117,114,0,21,28,26,23,114,114,112,111,43,110,120,119,112,0,19,29,28,21,104,115,116,106,43,109,121,120,110,0,18,30,29,19,103,117,115,104,43,122,123,124,125,0,16,17,18,19,118,119,120,121,43,126,122,125,127,0,20,16,19,21,122,118,121,123,43,128,255,256,129,0,22,20,21,23,124,125,126,127,43,130,128,129,227,0,24,22,23,25,128,124,127,128,43,129,132,133,131,0,23,26,27,25,127,129,130,130,43,256,265,132,129,0,21,28,26,23,126,131,129,127,43,125,135,134,127,0,19,29,28,21,121,132,133,123,43,124,136,135,125,0,18,30,29,19,120,134,132,121,43,242,138,139,221,0,16,17,18,19,135,135,136,137,43,141,137,140,240,0,20,16,19,21,138,139,139,140,43,143,141,240,223,0,22,20,21,23,141,138,140,142,43,145,143,223,224,0,24,22,23,25,143,141,142,143,43,144,147,148,146,0,23,26,27,25,144,145,146,146,43,142,149,147,144,0,21,28,26,23,147,148,145,144,43,220,222,149,142,0,19,29,28,21,149,149,148,147,43,139,151,150,221,0,18,30,29,19,136,150,150,137,43,152,153,154,244,0,16,17,18,19,151,152,153,154,43,156,152,244,245,0,20,16,19,21,155,151,154,156,43,158,156,245,259,0,22,20,21,23,157,155,156,158,43,160,158,259,161,0,24,22,23,25,159,157,158,159,43,159,162,163,260,0,23,26,27,25,160,161,162,162,43,157,164,162,159,0,21,28,26,23,163,164,161,160,43,155,264,164,157,0,19,29,28,21,165,165,164,163,43,154,166,165,244,0,18,30,29,19,153,166,166,154,43,214,168,169,215,0,16,17,18,19,167,167,168,169,43,171,167,170,172,0,20,16,19,21,170,171,172,173,43,173,171,172,174,0,22,20,21,23,174,170,173,175,43,175,173,174,246,0,24,22,23,25,176,174,175,176,43,174,177,178,176,0,23,26,27,25,175,177,178,178,43,172,241,177,174,0,21,28,26,23,173,179,177,175,43,170,180,179,172,0,19,29,28,21,172,180,180,173,43,169,181,266,215,0,18,30,29,19,168,181,181,169,43,182,183,184,185,0,0,1,2,3,182,183,183,182,43,186,187,188,189,0,4,5,6,7,184,185,185,184,43,183,186,189,184,0,1,4,7,2,183,184,184,183,43,190,191,192,193,0,8,9,10,11,186,187,188,188,43,194,195,196,197,0,12,13,14,15,189,190,190,191,43,190,194,197,191,0,8,12,15,9,186,189,191,187,43,198,199,200,201,0,0,1,2,3,192,193,193,192,43,202,203,204,205,0,4,5,6,7,194,195,195,194,43,199,202,205,200,0,1,4,7,2,193,194,194,193,43,206,207,208,209,0,8,9,10,11,196,197,198,198,43,210,211,212,213,0,12,13,14,15,199,200,200,201,43,206,210,213,207,0,8,12,15,9,196,199,201,197],